q_bits,n,m,rho,mode,N,Q_bits,rate,entropy_target,delta_entropy,volume_grid_t,delta_volume_grid
64,1024,1,0.5,folded,1024,64,0.5,0.4990234375,0.48341084695460224,495,0.4833984375
64,1024,1,0.5,interleaved,1024,64,0.5,0.4990234375,0.48341084695460224,495,0.4833984375
64,1024,1,0.25,folded,1024,64,0.25,0.7490234375,0.7360124336649649,753,0.7353515625
64,1024,1,0.25,interleaved,1024,64,0.25,0.7490234375,0.7360124336649649,753,0.7353515625
64,1024,1,0.125,folded,1024,64,0.125,0.8740234375,0.8651061167968959,885,0.8642578125
64,1024,1,0.125,interleaved,1024,64,0.125,0.8740234375,0.8651061167968959,885,0.8642578125
64,1024,1,0.0625,folded,1024,64,0.0625,0.9365234375,0.9308559157362345,953,0.9306640625
64,1024,1,0.0625,interleaved,1024,64,0.0625,0.9365234375,0.9308559157362345,953,0.9306640625
64,1024,2,0.5,folded,512,128,0.5,0.4990234375,0.49121267822426523,251,0.490234375
64,1024,2,0.5,interleaved,1024,128,0.5,0.49951171875,0.49170077145859525,503,0.4912109375
64,1024,2,0.25,folded,512,128,0.25,0.7490234375,0.7425952753189359,380,0.7421875
64,1024,2,0.25,interleaved,1024,128,0.25,0.74951171875,0.7430894652400885,760,0.7421875
64,1024,2,0.125,folded,512,128,0.125,0.8740234375,0.8696611982935668,445,0.869140625
64,1024,2,0.125,interleaved,1024,128,0.125,0.87451171875,0.8701601658922528,891,0.8701171875
64,1024,2,0.0625,folded,512,128,0.0625,0.9365234375,0.933776002661281,478,0.93359375
64,1024,2,0.0625,interleaved,1024,128,0.0625,0.93701171875,0.9342793186503141,956,0.93359375
64,1024,4,0.5,folded,256,256,0.5,0.4990234375,0.495117456197588,126,0.4921875
64,1024,4,0.5,interleaved,1024,256,0.5,0.499755859375,0.495849803511356,507,0.4951171875
64,1024,4,0.25,folded,256,256,0.25,0.7490234375,0.7458288179645337,190,0.7421875
64,1024,4,0.25,interleaved,1024,256,0.25,0.749755859375,0.7465657183803911,764,0.74609375
64,1024,4,0.125,folded,256,256,0.125,0.8740234375,0.8718660222160719,223,0.87109375
64,1024,4,0.125,interleaved,1024,256,0.125,0.874755859375,0.8726064594462716,893,0.8720703125
64,1024,4,0.0625,folded,256,256,0.0625,0.9365234375,0.9351706065945161,239,0.93359375
64,1024,4,0.0625,interleaved,1024,256,0.0625,0.937255859375,0.9359142392817921,958,0.935546875
64,1024,8,0.5,folded,128,512,0.5,0.4990234375,0.4970703608688002,63,0.4921875
64,1024,8,0.5,interleaved,1024,512,0.5,0.4998779296875,0.49792482895603823,509,0.4970703125
64,1024,8,0.25,folded,128,512,0.25,0.7490234375,0.7474310067388725,95,0.7421875
64,1024,8,0.25,interleaved,1024,512,0.25,0.7498779296875,0.748288124755137,766,0.748046875
64,1024,8,0.125,folded,128,512,0.125,0.8740234375,0.8729506049781209,111,0.8671875
64,1024,8,0.125,interleaved,1024,512,0.125,0.8748779296875,0.8738097724282753,894,0.873046875
64,1024,8,0.0625,folded,128,512,0.0625,0.9365234375,0.9358521585065948,119,0.9296875
64,1024,8,0.0625,interleaved,1024,512,0.0625,0.9373779296875,0.9367131708398687,959,0.9365234375
64,65536,1,0.5,folded,65536,64,0.5,0.4999847412109375,0.48437075587501005,31743,0.4843597412109375
64,65536,1,0.5,interleaved,65536,64,0.5,0.4999847412109375,0.48437075587501005,31743,0.4843597412109375
64,65536,1,0.25,folded,65536,64,0.25,0.7499847412109375,0.7369965396757034,48299,0.7369842529296875
64,65536,1,0.25,interleaved,65536,64,0.25,0.7499847412109375,0.7369965396757034,48299,0.7369842529296875
64,65536,1,0.125,folded,65536,64,0.125,0.8749847412109375,0.8661095533636478,56761,0.8661041259765625
64,65536,1,0.125,interleaved,65536,64,0.125,0.8749847412109375,0.8661095533636478,56761,0.8661041259765625
64,65536,1,0.0625,folded,65536,64,0.0625,0.9374847412109375,0.9318772614813919,61071,0.9318695068359375
64,65536,1,0.0625,interleaved,65536,64,0.0625,0.9374847412109375,0.9318772614813919,61071,0.9318695068359375
64,65536,2,0.5,folded,32768,128,0.5,0.4999847412109375,0.4921736220209826,16127,0.492156982421875
64,65536,2,0.5,interleaved,65536,128,0.5,0.49999237060546875,0.4921812487255522,32255,0.4921722412109375
64,65536,2,0.25,folded,32768,128,0.25,0.7499847412109375,0.7435682256429862,24365,0.743560791015625
64,65536,2,0.25,interleaved,65536,128,0.25,0.7499923706054688,0.7435759476973006,48731,0.7435760498046875
64,65536,2,0.125,folded,32768,128,0.125,0.8749847412109375,0.8706435649579332,28529,0.870635986328125
64,65536,2,0.125,interleaved,65536,128,0.125,0.8749923706054688,0.870651361912697,57059,0.8706512451171875
64,65536,2,0.0625,folded,32768,128,0.0625,0.9374847412109375,0.9347669517280014,30630,0.93475341796875
64,65536,2,0.0625,interleaved,65536,128,0.0625,0.9374923706054688,0.9347748171481102,61261,0.9347686767578125
64,65536,4,0.5,folded,16384,256,0.5,0.4999847412109375,0.49607866452628324,8127,0.49603271484375
64,65536,4,0.5,interleaved,65536,256,0.5,0.4999961853027344,0.4960901076080221,32511,0.4960784912109375
64,65536,4,0.25,folded,16384,256,0.25,0.7499847412109375,0.7467960030961663,12235,0.74676513671875
64,65536,4,0.25,interleaved,65536,256,0.25,0.7499961853027344,0.7468075173736896,48942,0.746795654296875
64,65536,4,0.125,folded,16384,256,0.125,0.8749847412109375,0.8728378518365962,14300,0.872802734375
64,65536,4,0.125,interleaved,65536,256,0.125,0.8749961853027344,0.8728494215282229,57203,0.8728485107421875
64,65536,4,0.0625,folded,16384,256,0.0625,0.9374847412109375,0.9361466352891494,15337,0.93609619140625
64,65536,4,0.0625,interleaved,65536,256,0.0625,0.9374961853027344,0.9361582552250832,61352,0.9361572265625
64,65536,8,0.5,folded,8192,512,0.5,0.4999847412109375,0.49803163804555656,4079,0.4979248046875
64,65536,8,0.5,interleaved,65536,512,0.5,0.4999980926513672,0.49804498919078727,32639,0.4980316162109375
64,65536,8,0.25,folded,8192,512,0.25,0.7499847412109375,0.7483952652818032,6130,0.748291015625
64,65536,8,0.25,interleaved,65536,512,0.25,0.7499980926513672,0.7484086578597506,49047,0.7483978271484375
64,65536,8,0.125,folded,8192,512,0.125,0.8749847412109375,0.8739171696908875,7159,0.8739013671875
64,65536,8,0.125,interleaved,65536,512,0.125,0.8749980926513672,0.8739305943695629,57273,0.8739166259765625
64,65536,8,0.0625,folded,8192,512,0.0625,0.9374847412109375,0.9368207998689506,7674,0.936767578125
64,65536,8,0.0625,interleaved,65536,512,0.0625,0.9374980926513672,0.9368342535366408,61396,0.93682861328125
64,1048576,1,0.5,folded,1048576,64,0.5,0.4999990463256836,0.48438504086107986,507914,0.48438453674316406
64,1048576,1,0.5,interleaved,1048576,64,0.5,0.4999990463256836,0.48438504086107986,507914,0.48438453674316406
64,1048576,1,0.25,folded,1048576,64,0.25,0.7499990463256836,0.7370111849804128,772812,0.7370109558105469
64,1048576,1,0.25,interleaved,1048576,64,0.25,0.7499990463256836,0.7370111849804128,772812,0.7370109558105469
64,1048576,1,0.125,folded,1048576,64,0.125,0.8749990463256836,0.8661244869951342,908197,0.866124153137207
64,1048576,1,0.125,interleaved,1048576,64,0.125,0.8749990463256836,0.8661244869951342,908197,0.866124153137207
64,1048576,1,0.0625,folded,1048576,64,0.0625,0.9374990463256836,0.9318924630376993,977160,0.9318923950195312
64,1048576,1,0.0625,interleaved,1048576,64,0.0625,0.9374990463256836,0.9318924630376993,977160,0.9318923950195312
64,1048576,2,0.5,folded,524288,128,0.5,0.4999990463256836,0.4921879220942016,258048,0.4921875
64,1048576,2,0.5,interleaved,1048576,128,0.5,0.4999995231628418,0.49218839876346765,516097,0.4921884536743164
64,1048576,2,0.25,folded,524288,128,0.25,0.7499990463256836,0.7435827044977524,389851,0.7435817718505859
64,1048576,2,0.25,interleaved,1048576,128,0.25,0.7499995231628418,0.7435831871264607,779703,0.7435827255249023
64,1048576,2,0.125,folded,524288,128,0.125,0.8749990463256836,0.8706581842532158,456475,0.8706569671630859
64,1048576,2,0.125,interleaved,1048576,128,0.125,0.8749995231628418,0.8706586715634351,912951,0.8706579208374023
64,1048576,2,0.0625,folded,524288,128,0.0625,0.9374990463256836,0.9347816994003768,490094,0.9347801208496094
64,1048576,2,0.0625,interleaved,1048576,128,0.0625,0.9374995231628418,0.9347821909901699,980190,0.9347820281982422
64,1048576,4,0.5,folded,262144,256,0.5,0.4999990463256836,0.49609296837891803,130047,0.4960899353027344
64,1048576,4,0.5,interleaved,1048576,256,0.5,0.4999997615814209,0.49609368357167083,520191,0.4960927963256836
64,1048576,4,0.25,folded,262144,256,0.25,0.7499990463256836,0.7468103959436915,195771,0.7468070983886719
64,1048576,4,0.25,interleaved,1048576,256,0.25,0.7499997615814209,0.7468111155862308,783088,0.7468109130859375
64,1048576,4,0.125,folded,262144,256,0.125,0.8749990463256836,0.8728523139522031,228813,0.8728523254394531
64,1048576,4,0.125,interleaved,1048576,256,0.125,0.8749997615814209,0.8728530370582653,915252,0.8728523254394531
64,1048576,4,0.0625,folded,262144,256,0.0625,0.9374990463256836,0.9361611602110864,245409,0.9361610412597656
64,1048576,4,0.0625,interleaved,1048576,256,0.0625,0.9374997615814209,0.9361618864577135,981636,0.9361610412597656
64,1048576,8,0.5,folded,131072,512,0.5,0.4999990463256836,0.4980459428440949,65279,0.49803924560546875
64,1048576,8,0.5,interleaved,1048576,512,0.5,0.49999988079071045,0.4980467772907475,522239,0.4980459213256836
64,1048576,8,0.25,folded,131072,512,0.25,0.7499990463256836,0.7484096144725643,98095,0.7484054565429688
64,1048576,8,0.25,interleaved,1048576,512,0.25,0.7499998807907104,0.7484104515087874,784765,0.7484102249145508
64,1048576,8,0.125,folded,131072,512,0.125,0.8749990463256836,0.8739315532753599,114547,0.8739242553710938
64,1048576,8,0.125,interleaved,1048576,512,0.125,0.8749998807907104,0.8739323923179516,916384,0.873931884765625
64,1048576,8,0.0625,folded,131072,512,0.0625,0.9374990463256836,0.9368352145132368,122792,0.93682861328125
64,1048576,8,0.0625,interleaved,1048576,512,0.0625,0.9374998807907104,0.9368360553677946,982343,0.9368352890014648
64,16777216,1,0.5,folded,16777216,64,0.5,0.4999999403953552,0.4843859336733199,8126647,0.4843859076499939
64,16777216,1,0.5,interleaved,16777216,64,0.5,0.4999999403953552,0.4843859336733199,8126647,0.4843859076499939
64,16777216,1,0.25,folded,16777216,64,0.25,0.7499999403953552,0.7370121003128052,12365011,0.7370120882987976
64,16777216,1,0.25,interleaved,16777216,64,0.25,0.7499999403953552,0.7370121003128052,12365011,0.7370120882987976
64,16777216,1,0.125,folded,16777216,64,0.125,0.8749999403953552,0.8661254203486048,14531173,0.8661254048347473
64,16777216,1,0.125,interleaved,16777216,64,0.125,0.8749999403953552,0.8661254203486048,14531173,0.8661254048347473
64,16777216,1,0.0625,folded,16777216,64,0.0625,0.9374999403953552,0.9318934131378642,15634577,0.9318934082984924
64,16777216,1,0.0625,interleaved,16777216,64,0.0625,0.9374999403953552,0.9318934131378642,15634577,0.9318934082984924
64,16777216,2,0.5,folded,8388608,128,0.5,0.4999999403953552,0.49218881584908386,4128779,0.49218881130218506
64,16777216,2,0.5,interleaved,16777216,128,0.5,0.4999999701976776,0.4921888456409139,8257558,0.49218881130218506
64,16777216,2,0.25,folded,8388608,128,0.25,0.7499999403953552,0.7435836094265917,6237631,0.7435835599899292
64,16777216,2,0.25,interleaved,16777216,128,0.25,0.7499999701976776,0.7435836395908872,12475263,0.743583619594574
64,16777216,2,0.125,folded,8388608,128,0.125,0.8749999403953552,0.8706590979598969,7303617,0.8706589937210083
64,16777216,2,0.125,interleaved,16777216,128,0.125,0.8749999701976776,0.8706591284167877,14607236,0.8706591129302979
64,16777216,2,0.0625,folded,8388608,128,0.0625,0.9374999403953552,0.9347826211312765,7841525,0.9347826242446899
64,16777216,2,0.0625,interleaved,16777216,128,0.0625,0.9374999701976776,0.9347826518556427,15683050,0.9347826242446899
64,16777216,4,0.5,folded,4194304,256,0.5,0.4999999403953552,0.4960938623698608,2080768,0.49609375
64,16777216,4,0.5,interleaved,16777216,256,0.5,0.4999999850988388,0.4960939070694084,8323074,0.49609386920928955
64,16777216,4,0.25,folded,4194304,256,0.25,0.7499999403953552,0.7468112954968681,3132353,0.7468111515045166
64,16777216,4,0.25,interleaved,16777216,256,0.25,0.7499999850988388,0.7468113404745276,12529415,0.7468113303184509
64,16777216,4,0.125,folded,4194304,256,0.125,0.8749999403953552,0.8728532178347851,3661011,0.8728530406951904
64,16777216,4,0.125,interleaved,16777216,256,0.125,0.8749999850988388,0.8728532630289153,14644047,0.8728532195091248
64,16777216,4,0.0625,folded,4194304,256,0.0625,0.9374999403953552,0.9361620680193782,3926548,0.936161994934082
64,16777216,4,0.0625,interleaved,16777216,256,0.0625,0.9374999850988388,0.9361621134097948,15706194,0.9361621141433716
64,16777216,8,0.5,folded,2097152,512,0.5,0.4999999403953552,0.49804683689408014,1044479,0.4980463981628418
64,16777216,8,0.5,interleaved,16777216,512,0.5,0.4999999925494194,0.49804688904699623,8355840,0.498046875
64,16777216,8,0.25,folded,2097152,512,0.25,0.7499999403953552,0.7484105112970895,1569530,0.7484102249145508
64,16777216,8,0.25,interleaved,16777216,512,0.25,0.7499999925494194,0.7484105636118538,12556245,0.7484105229377747
64,16777216,8,0.125,folded,2097152,512,0.125,0.8749999403953552,0.8739324522495661,1832769,0.8739323616027832
64,16777216,8,0.125,interleaved,16777216,512,0.125,0.8749999925494194,0.8739325046897287,14662154,0.8739324808120728
64,16777216,8,0.0625,folded,2097152,512,0.0625,0.9374999403953552,0.9368361154288357,1964687,0.936835765838623
64,16777216,8,0.0625,interleaved,16777216,512,0.0625,0.9374999925494194,0.9368361679822468,15717502,0.9368361234664917
128,1024,1,0.5,folded,1024,128,0.5,0.5,0.492188875432744,504,0.4921875
128,1024,1,0.5,interleaved,1024,128,0.5,0.5,0.492188875432744,504,0.4921875
128,1024,1,0.25,folded,1024,128,0.25,0.75,0.7435836697551828,761,0.7431640625
128,1024,1,0.25,interleaved,1024,128,0.25,0.75,0.7435836697551828,761,0.7431640625
128,1024,1,0.125,folded,1024,128,0.125,0.875,0.8706591588736786,891,0.8701171875
128,1024,1,0.125,interleaved,1024,128,0.125,0.875,0.8706591588736786,891,0.8701171875
128,1024,1,0.0625,folded,1024,128,0.0625,0.9375,0.934782682580009,957,0.9345703125
128,1024,1,0.0625,interleaved,1024,128,0.0625,0.9375,0.934782682580009,957,0.9345703125
128,1024,2,0.5,folded,512,256,0.5,0.5,0.49609392196925767,254,0.49609375
128,1024,2,0.5,interleaved,1024,256,0.5,0.5,0.49609392196925767,508,0.49609375
128,1024,2,0.25,folded,512,256,0.25,0.75,0.7468113554670807,382,0.74609375
128,1024,2,0.25,interleaved,1024,256,0.25,0.75,0.7468113554670807,764,0.74609375
128,1024,2,0.125,folded,512,256,0.125,0.875,0.8728532780936253,446,0.87109375
128,1024,2,0.125,interleaved,1024,256,0.125,0.875,0.8728532780936253,893,0.8720703125
128,1024,2,0.0625,folded,512,256,0.0625,0.9375,0.9361621285399337,479,0.935546875
128,1024,2,0.0625,interleaved,1024,256,0.0625,0.9375,0.9361621285399337,958,0.935546875
128,1024,4,0.5,folded,256,512,0.5,0.5,0.4980468964974128,127,0.49609375
128,1024,4,0.5,interleaved,1024,512,0.5,0.5,0.4980468964974128,510,0.498046875
128,1024,4,0.25,folded,256,512,0.25,0.75,0.7484105710853916,191,0.74609375
128,1024,4,0.25,interleaved,1024,512,0.25,0.75,0.7484105710853916,766,0.748046875
128,1024,4,0.125,folded,256,512,0.125,0.875,0.8739325121811805,223,0.87109375
128,1024,4,0.125,interleaved,1024,512,0.125,0.875,0.8739325121811805,894,0.873046875
128,1024,4,0.0625,folded,256,512,0.0625,0.9375,0.936836175489877,239,0.93359375
128,1024,4,0.0625,interleaved,1024,512,0.0625,0.9375,0.936836175489877,959,0.9365234375
128,1024,8,0.5,folded,128,1024,0.5,0.5,0.4990234401872159,63,0.4921875
128,1024,8,0.5,interleaved,1024,1024,0.5,0.5,0.4990234401872159,511,0.4990234375
128,1024,8,0.25,folded,128,1024,0.25,0.75,0.7492065103953666,95,0.7421875
128,1024,8,0.25,interleaved,1024,1024,0.25,0.75,0.7492065103953666,767,0.7490234375
128,1024,8,0.125,folded,128,1024,0.125,0.875,0.874467717888966,111,0.8671875
128,1024,8,0.125,interleaved,1024,1024,0.125,0.875,0.874467717888966,895,0.8740234375
128,1024,8,0.0625,folded,128,1024,0.0625,0.9375,0.9371693549639705,119,0.9296875
128,1024,8,0.0625,interleaved,1024,1024,0.0625,0.9375,0.9371693549639705,959,0.9365234375
128,65536,1,0.5,folded,65536,128,0.5,0.5,0.492188875432744,32256,0.4921875
128,65536,1,0.5,interleaved,65536,128,0.5,0.5,0.492188875432744,32256,0.4921875
128,65536,1,0.25,folded,65536,128,0.25,0.75,0.7435836697551828,48731,0.7435760498046875
128,65536,1,0.25,interleaved,65536,128,0.25,0.75,0.7435836697551828,48731,0.7435760498046875
128,65536,1,0.125,folded,65536,128,0.125,0.875,0.8706591588736786,57059,0.8706512451171875
128,65536,1,0.125,interleaved,65536,128,0.125,0.875,0.8706591588736786,57059,0.8706512451171875
128,65536,1,0.0625,folded,65536,128,0.0625,0.9375,0.934782682580009,61261,0.9347686767578125
128,65536,1,0.0625,interleaved,65536,128,0.0625,0.9375,0.934782682580009,61261,0.9347686767578125
128,65536,2,0.5,folded,32768,256,0.5,0.5,0.49609392196925767,16256,0.49609375
128,65536,2,0.5,interleaved,65536,256,0.5,0.5,0.49609392196925767,32512,0.49609375
128,65536,2,0.25,folded,32768,256,0.25,0.75,0.7468113554670807,24471,0.746795654296875
128,65536,2,0.25,interleaved,65536,256,0.25,0.75,0.7468113554670807,48943,0.7468109130859375
128,65536,2,0.125,folded,32768,256,0.125,0.875,0.8728532780936253,28601,0.872833251953125
128,65536,2,0.125,interleaved,65536,256,0.125,0.875,0.8728532780936253,57203,0.8728485107421875
128,65536,2,0.0625,folded,32768,256,0.0625,0.9375,0.9361621285399337,30676,0.9361572265625
128,65536,2,0.0625,interleaved,65536,256,0.0625,0.9375,0.9361621285399337,61352,0.9361572265625
128,65536,4,0.5,folded,16384,512,0.5,0.5,0.4980468964974128,8160,0.498046875
128,65536,4,0.5,interleaved,65536,512,0.5,0.5,0.4980468964974128,32640,0.498046875
128,65536,4,0.25,folded,16384,512,0.25,0.75,0.7484105710853916,12261,0.74835205078125
128,65536,4,0.25,interleaved,65536,512,0.25,0.75,0.7484105710853916,49047,0.7483978271484375
128,65536,4,0.125,folded,16384,512,0.125,0.875,0.8739325121811805,14318,0.8739013671875
128,65536,4,0.125,interleaved,65536,512,0.125,0.875,0.8739325121811805,57274,0.873931884765625
128,65536,4,0.0625,folded,16384,512,0.0625,0.9375,0.936836175489877,15349,0.93682861328125
128,65536,4,0.0625,interleaved,65536,512,0.0625,0.9375,0.936836175489877,61396,0.93682861328125
128,65536,8,0.5,folded,8192,1024,0.5,0.5,0.4990234401872159,4088,0.4990234375
128,65536,8,0.5,interleaved,65536,1024,0.5,0.5,0.4990234401872159,32704,0.4990234375
128,65536,8,0.25,folded,8192,1024,0.25,0.75,0.7492065103953666,6137,0.7491455078125
128,65536,8,0.25,interleaved,65536,1024,0.25,0.75,0.7492065103953666,49100,0.74920654296875
128,65536,8,0.125,folded,8192,1024,0.125,0.875,0.874467717888966,7163,0.8743896484375
128,65536,8,0.125,interleaved,65536,1024,0.125,0.875,0.874467717888966,57309,0.8744659423828125
128,65536,8,0.0625,folded,8192,1024,0.0625,0.9375,0.9371693549639705,7677,0.9371337890625
128,65536,8,0.0625,interleaved,65536,1024,0.0625,0.9375,0.9371693549639705,61418,0.937164306640625
128,1048576,1,0.5,folded,1048576,128,0.5,0.5,0.492188875432744,516097,0.4921884536743164
128,1048576,1,0.5,interleaved,1048576,128,0.5,0.5,0.492188875432744,516097,0.4921884536743164
128,1048576,1,0.25,folded,1048576,128,0.25,0.75,0.7435836697551828,779704,0.7435836791992188
128,1048576,1,0.25,interleaved,1048576,128,0.25,0.75,0.7435836697551828,779704,0.7435836791992188
128,1048576,1,0.125,folded,1048576,128,0.125,0.875,0.8706591588736786,912952,0.8706588745117188
128,1048576,1,0.125,interleaved,1048576,128,0.125,0.875,0.8706591588736786,912952,0.8706588745117188
128,1048576,1,0.0625,folded,1048576,128,0.0625,0.9375,0.934782682580009,980190,0.9347820281982422
128,1048576,1,0.0625,interleaved,1048576,128,0.0625,0.9375,0.934782682580009,980190,0.9347820281982422
128,1048576,2,0.5,folded,524288,256,0.5,0.5,0.49609392196925767,260096,0.49609375
128,1048576,2,0.5,interleaved,1048576,256,0.5,0.5,0.49609392196925767,520192,0.49609375
128,1048576,2,0.25,folded,524288,256,0.25,0.75,0.7468113554670807,391544,0.7468109130859375
128,1048576,2,0.25,interleaved,1048576,256,0.25,0.75,0.7468113554670807,783088,0.7468109130859375
128,1048576,2,0.125,folded,524288,256,0.125,0.875,0.8728532780936253,457626,0.8728523254394531
128,1048576,2,0.125,interleaved,1048576,256,0.125,0.875,0.8728532780936253,915253,0.8728532791137695
128,1048576,2,0.0625,folded,524288,256,0.0625,0.9375,0.9361621285399337,490818,0.9361610412597656
128,1048576,2,0.0625,interleaved,1048576,256,0.0625,0.9375,0.9361621285399337,981637,0.936161994934082
128,1048576,4,0.5,folded,262144,512,0.5,0.5,0.4980468964974128,130560,0.498046875
128,1048576,4,0.5,interleaved,1048576,512,0.5,0.5,0.4980468964974128,522240,0.498046875
128,1048576,4,0.25,folded,262144,512,0.25,0.75,0.7484105710853916,196191,0.7484092712402344
128,1048576,4,0.25,interleaved,1048576,512,0.25,0.75,0.7484105710853916,784765,0.7484102249145508
128,1048576,4,0.125,folded,262144,512,0.125,0.875,0.8739325121811805,229096,0.873931884765625
128,1048576,4,0.125,interleaved,1048576,512,0.125,0.875,0.8739325121811805,916384,0.873931884765625
128,1048576,4,0.0625,folded,262144,512,0.0625,0.9375,0.936836175489877,245585,0.9368324279785156
128,1048576,4,0.0625,interleaved,1048576,512,0.0625,0.9375,0.936836175489877,982343,0.9368352890014648
128,1048576,8,0.5,folded,131072,1024,0.5,0.5,0.4990234401872159,65408,0.4990234375
128,1048576,8,0.5,interleaved,1048576,1024,0.5,0.5,0.4990234401872159,523264,0.4990234375
128,1048576,8,0.25,folded,131072,1024,0.25,0.75,0.7492065103953666,98200,0.74920654296875
128,1048576,8,0.25,interleaved,1048576,1024,0.25,0.75,0.7492065103953666,785599,0.7492055892944336
128,1048576,8,0.125,folded,131072,1024,0.125,0.875,0.874467717888966,114618,0.8744659423828125
128,1048576,8,0.125,interleaved,1048576,1024,0.125,0.875,0.874467717888966,916945,0.8744668960571289
128,1048576,8,0.0625,folded,131072,1024,0.0625,0.9375,0.9371693549639705,122836,0.937164306640625
128,1048576,8,0.0625,interleaved,1048576,1024,0.0625,0.9375,0.9371693549639705,982693,0.937169075012207
128,16777216,1,0.5,folded,16777216,128,0.5,0.5,0.492188875432744,8257559,0.49218887090682983
128,16777216,1,0.5,interleaved,16777216,128,0.5,0.5,0.492188875432744,8257559,0.49218887090682983
128,16777216,1,0.25,folded,16777216,128,0.25,0.75,0.7435836697551828,12475263,0.743583619594574
128,16777216,1,0.25,interleaved,16777216,128,0.25,0.75,0.7435836697551828,12475263,0.743583619594574
128,16777216,1,0.125,folded,16777216,128,0.125,0.875,0.8706591588736786,14607236,0.8706591129302979
128,16777216,1,0.125,interleaved,16777216,128,0.125,0.875,0.8706591588736786,14607236,0.8706591129302979
128,16777216,1,0.0625,folded,16777216,128,0.0625,0.9375,0.934782682580009,15683051,0.9347826838493347
128,16777216,1,0.0625,interleaved,16777216,128,0.0625,0.9375,0.934782682580009,15683051,0.9347826838493347
128,16777216,2,0.5,folded,8388608,256,0.5,0.5,0.49609392196925767,4161537,0.49609386920928955
128,16777216,2,0.5,interleaved,16777216,256,0.5,0.5,0.49609392196925767,8323074,0.49609386920928955
128,16777216,2,0.25,folded,8388608,256,0.25,0.75,0.7468113554670807,6264707,0.7468112707138062
128,16777216,2,0.25,interleaved,16777216,256,0.25,0.75,0.7468113554670807,12529415,0.7468113303184509
128,16777216,2,0.125,folded,8388608,256,0.125,0.875,0.8728532780936253,7322024,0.8728532791137695
128,16777216,2,0.125,interleaved,16777216,256,0.125,0.875,0.8728532780936253,14644048,0.8728532791137695
128,16777216,2,0.0625,folded,8388608,256,0.0625,0.9375,0.9361621285399337,7853097,0.9361621141433716
128,16777216,2,0.0625,interleaved,16777216,256,0.0625,0.9375,0.9361621285399337,15706194,0.9361621141433716
128,16777216,4,0.5,folded,4194304,512,0.5,0.5,0.4980468964974128,2088960,0.498046875
128,16777216,4,0.5,interleaved,16777216,512,0.5,0.5,0.4980468964974128,8355840,0.498046875
128,16777216,4,0.25,folded,4194304,512,0.25,0.75,0.7484105710853916,3139061,0.7484104633331299
128,16777216,4,0.25,interleaved,16777216,512,0.25,0.75,0.7484105710853916,12556245,0.7484105229377747
128,16777216,4,0.125,folded,4194304,512,0.125,0.875,0.8739325121811805,3665538,0.8739323616027832
128,16777216,4,0.125,interleaved,16777216,512,0.125,0.875,0.8739325121811805,14662154,0.8739324808120728
128,16777216,4,0.0625,folded,4194304,512,0.0625,0.9375,0.936836175489877,3929375,0.9368360042572021
128,16777216,4,0.0625,interleaved,16777216,512,0.0625,0.9375,0.936836175489877,15717502,0.9368361234664917
128,16777216,8,0.5,folded,2097152,1024,0.5,0.5,0.4990234401872159,1046528,0.4990234375
128,16777216,8,0.5,interleaved,16777216,1024,0.5,0.5,0.4990234401872159,8372224,0.4990234375
128,16777216,8,0.25,folded,2097152,1024,0.25,0.75,0.7492065103953666,1571199,0.7492060661315918
128,16777216,8,0.25,interleaved,16777216,1024,0.25,0.75,0.7492065103953666,12569599,0.7492064833641052
128,16777216,8,0.125,folded,2097152,1024,0.125,0.875,0.874467717888966,1833891,0.8744673728942871
128,16777216,8,0.125,interleaved,16777216,1024,0.125,0.875,0.874467717888966,14671133,0.874467670917511
128,16777216,8,0.0625,folded,2097152,1024,0.0625,0.9375,0.9371693549639705,1965386,0.937169075012207
128,16777216,8,0.0625,interleaved,16777216,1024,0.0625,0.9375,0.9371693549639705,15723092,0.9371693134307861
192,1024,1,0.5,folded,1024,192,0.5,0.5003255208333334,0.49511754575030853,507,0.4951171875
192,1024,1,0.5,interleaved,1024,192,0.5,0.5003255208333334,0.49511754575030853,507,0.4951171875
192,1024,1,0.25,folded,1024,192,0.25,0.7503255208333334,0.746067963647786,764,0.74609375
192,1024,1,0.25,interleaved,1024,192,0.25,0.7503255208333334,0.746067963647786,764,0.74609375
192,1024,1,0.125,folded,1024,192,0.125,0.8753255208333334,0.8724575012944624,893,0.8720703125
192,1024,1,0.125,interleaved,1024,192,0.125,0.8753255208333334,0.8724575012944624,893,0.8720703125
192,1024,1,0.0625,folded,1024,192,0.0625,0.9378255208333334,0.9360392129149483,958,0.935546875
192,1024,1,0.0625,interleaved,1024,192,0.0625,0.9378255208333334,0.9360392129149483,958,0.935546875
192,1024,2,0.5,folded,512,384,0.5,0.5003255208333334,0.49772139318004865,254,0.49609375
192,1024,2,0.5,interleaved,1024,384,0.5,0.5001627604166666,0.49755863853568344,509,0.4970703125
192,1024,2,0.25,folded,512,384,0.25,0.7503255208333334,0.7482054425500436,383,0.748046875
192,1024,2,0.25,interleaved,1024,384,0.25,0.7501627604166666,0.7480420137086952,766,0.748046875
192,1024,2,0.125,folded,512,384,0.125,0.8753255208333334,0.8739019816698109,447,0.873046875
192,1024,2,0.125,interleaved,1024,384,0.125,0.8751627604166666,0.8737380292451351,894,0.873046875
192,1024,2,0.0625,folded,512,384,0.0625,0.9378255208333334,0.9369414888568987,479,0.935546875
192,1024,2,0.0625,interleaved,1024,384,0.0625,0.9376627604166666,0.9367770622549275,959,0.9365234375
192,1024,4,0.5,folded,256,768,0.5,0.5003255208333334,0.49902344108294794,127,0.49609375
192,1024,4,0.5,interleaved,1024,768,0.5,0.5000813802083334,0.49877930247334784,510,0.498046875
192,1024,4,0.25,folded,256,768,0.25,0.7503255208333334,0.7492676604254748,191,0.74609375
192,1024,4,0.25,interleaved,1024,768,0.25,0.7500813802083334,0.7490230170092167,767,0.7490234375
192,1024,4,0.125,folded,256,768,0.125,0.8753255208333334,0.8746163535088464,223,0.87109375
192,1024,4,0.125,interleaved,1024,768,0.125,0.8750813802083334,0.8743713193097763,895,0.8740234375
192,1024,4,0.0625,folded,256,768,0.0625,0.9378255208333334,0.9373857601188047,239,0.93359375
192,1024,4,0.0625,interleaved,1024,768,0.0625,0.9375813802083334,0.9371403730463256,959,0.9365234375
192,1024,8,0.5,folded,128,1536,0.5,0.5003255208333334,0.4996744793657205,63,0.4921875
192,1024,8,0.5,interleaved,1024,1536,0.5,0.5000406901041666,0.4993896491372978,511,0.4990234375
192,1024,8,0.25,folded,128,1536,0.25,0.7503255208333334,0.7497971357432288,95,0.7421875
192,1024,8,0.25,interleaved,1024,1536,0.25,0.7500406901041666,0.7495120112939362,767,0.7490234375
192,1024,8,0.125,folded,128,1536,0.125,0.8753255208333334,0.8749715858029876,111,0.8671875
192,1024,8,0.125,interleaved,1024,1536,0.125,0.8750406901041666,0.8746862339537568,895,0.8740234375
192,1024,8,0.0625,folded,128,1536,0.0625,0.9378255208333334,0.9376062011644786,120,0.9375
192,1024,8,0.0625,interleaved,1024,1536,0.0625,0.9375406901041666,0.937320644274648,959,0.9365234375
192,65536,1,0.5,folded,65536,192,0.5,0.5000050862630209,0.4947971597401634,32427,0.4947967529296875
192,65536,1,0.5,interleaved,65536,192,0.5,0.5000050862630209,0.4947971597401634,32427,0.4947967529296875
192,65536,1,0.25,folded,65536,192,0.25,0.7500050862630209,0.745744915016825,48873,0.7457427978515625
192,65536,1,0.25,interleaved,65536,192,0.25,0.7500050862630209,0.745744915016825,48873,0.7457427978515625
192,65536,1,0.125,folded,65536,192,0.125,0.8750050862630209,0.8721323726786177,57156,0.87213134765625
192,65536,1,0.125,interleaved,65536,192,0.125,0.8750050862630209,0.8721323726786177,57156,0.87213134765625
192,65536,1,0.0625,folded,65536,192,0.0625,0.9375050862630209,0.9357121912851286,61322,0.935699462890625
192,65536,1,0.0625,interleaved,65536,192,0.0625,0.9375050862630209,0.9357121912851286,61322,0.935699462890625
192,65536,2,0.5,folded,32768,384,0.5,0.5000050862630209,0.4974009703535632,16298,0.49737548828125
192,65536,2,0.5,interleaved,65536,384,0.5,0.5000025431315104,0.49739842732142897,32597,0.4973907470703125
192,65536,2,0.25,folded,32768,384,0.25,0.7500050862630209,0.7478836925284377,24506,0.74786376953125
192,65536,2,0.25,interleaved,65536,384,0.25,0.7500025431315104,0.7478811389651242,49013,0.7478790283203125
192,65536,2,0.125,folded,32768,384,0.125,0.8750050862630209,0.8735792012130934,28625,0.873565673828125
192,65536,2,0.125,interleaved,65536,384,0.125,0.8750025431315104,0.8735766394777273,57250,0.873565673828125
192,65536,2,0.0625,folded,32768,384,0.0625,0.9375050862630209,0.9366177756365223,30691,0.936614990234375
192,65536,2,0.0625,interleaved,65536,384,0.0625,0.9375025431315104,0.9366152065108186,61382,0.936614990234375
192,65536,4,0.5,folded,16384,768,0.5,0.5000050862630209,0.4987030092496946,8170,0.4986572265625
192,65536,4,0.5,interleaved,65536,768,0.5,0.5000012715657552,0.49869919458966,32682,0.498687744140625
192,65536,4,0.25,folded,16384,768,0.25,0.7500050862630209,0.7489465660645576,12270,0.7489013671875
192,65536,4,0.25,interleaved,65536,768,0.25,0.7500012715657552,0.7489427435188606,49082,0.748931884765625
192,65536,4,0.125,folded,16384,768,0.125,0.8750050862630209,0.8742947463339902,14324,0.874267578125
192,65536,4,0.125,interleaved,65536,768,0.125,0.8750012715657552,0.8742909176878417,57297,0.8742828369140625
192,65536,4,0.0625,folded,16384,768,0.0625,0.9375050862630209,0.9370636899823003,15352,0.93701171875
192,65536,4,0.0625,interleaved,65536,768,0.0625,0.9375012715657552,0.9370598558340425,61411,0.9370574951171875
192,65536,8,0.5,folded,8192,1536,0.5,0.5000050862630209,0.49935404538017625,4090,0.499267578125
192,65536,8,0.5,interleaved,65536,1536,0.5,0.5000006357828776,0.49934959491087083,32725,0.4993438720703125
192,65536,8,0.25,folded,8192,1536,0.25,0.7500050862630209,0.7494763707664075,6139,0.7493896484375
192,65536,8,0.25,interleaved,65536,1536,0.25,0.7500006357828776,0.7494719157009135,49117,0.7494659423828125
192,65536,8,0.125,folded,8192,1536,0.125,0.8750050862630209,0.8746505650217806,7165,0.8746337890625
192,65536,8,0.125,interleaved,65536,1536,0.125,0.8750006357828776,0.8746461064060513,57320,0.8746337890625
192,65536,8,0.0625,folded,8192,1536,0.0625,0.9375050862630209,0.9372849497554286,7678,0.937255859375
192,65536,8,0.0625,interleaved,65536,1536,0.0625,0.9375006357828776,0.9372804879419615,61425,0.9372711181640625
192,1048576,1,0.5,folded,1048576,192,0.5,0.5000003178914388,0.4947923921144985,518827,0.49479198455810547
192,1048576,1,0.5,interleaved,1048576,192,0.5,0.5000003178914388,0.4947923921144985,518827,0.49479198455810547
192,1048576,1,0.25,folded,1048576,192,0.25,0.7500003178914388,0.7457401077770237,781965,0.7457399368286133
192,1048576,1,0.25,interleaved,1048576,192,0.25,0.7500003178914388,0.7457401077770237,781965,0.7457399368286133
192,1048576,1,0.125,folded,1048576,192,0.125,0.8750003178914388,0.8721275345097782,914492,0.8721275329589844
192,1048576,1,0.125,interleaved,1048576,192,0.125,0.8750003178914388,0.8721275345097782,914492,0.8721275329589844
192,1048576,1,0.0625,folded,1048576,192,0.0625,0.9375003178914388,0.9357073249949318,981160,0.9357070922851562
192,1048576,1,0.0625,interleaved,1048576,192,0.0625,0.9375003178914388,0.9357073249949318,981160,0.9357070922851562
192,1048576,2,0.5,folded,524288,384,0.5,0.5000003178914388,0.49739620216839137,260778,0.4973945617675781
192,1048576,2,0.5,interleaved,1048576,384,0.5,0.5000001589457194,0.49739604322889147,521557,0.49739551544189453
192,1048576,2,0.25,folded,524288,384,0.25,0.7500003178914388,0.7478789045973321,392103,0.7478771209716797
192,1048576,2,0.25,interleaved,1048576,384,0.25,0.7500001589457194,0.7478787449996364,784207,0.7478780746459961
192,1048576,2,0.125,folded,524288,384,0.125,0.8750003178914388,0.8735743979594667,458004,0.8735733032226562
192,1048576,2,0.125,interleaved,1048576,384,0.125,0.8750001589457194,0.8735742378510261,916009,0.8735742568969727
192,1048576,2,0.0625,folded,524288,384,0.0625,0.9375003178914388,0.9366129585261743,491054,0.9366111755371094
192,1048576,2,0.0625,interleaved,1048576,384,0.0625,0.9375001589457194,0.9366127979558548,982109,0.9366121292114258
192,1048576,4,0.5,folded,262144,768,0.5,0.5000003178914388,0.4986982409246684,130730,0.49869537353515625
192,1048576,4,0.5,interleaved,1048576,768,0.5,0.5000000794728597,0.4986980025084216,522922,0.49869728088378906
192,1048576,4,0.25,folded,262144,768,0.25,0.7500003178914388,0.7489417878824592,196330,0.7489395141601562
192,1048576,4,0.25,interleaved,1048576,768,0.25,0.7500000794728597,0.7489415489733604,785322,0.7489414215087891
192,1048576,4,0.125,folded,262144,768,0.125,0.8750003178914388,0.8742899605263439,229189,0.8742866516113281
192,1048576,4,0.125,interleaved,1048576,768,0.125,0.8750000794728597,0.8742897212359719,916759,0.8742895126342773
192,1048576,4,0.0625,folded,262144,768,0.0625,0.9375003178914388,0.9370588972970516,245644,0.9370574951171875
192,1048576,4,0.0625,interleaved,1048576,768,0.0625,0.9375000794728597,0.9370586576628085,982577,0.9370584487915039
192,1048576,8,0.5,folded,131072,1536,0.5,0.5000003178914388,0.4993492770202091,65450,0.4993438720703125
192,1048576,8,0.5,interleaved,1048576,1536,0.5,0.5000000397364298,0.49934899886588024,523605,0.49934864044189453
192,1048576,8,0.25,folded,131072,1536,0.25,0.7500003178914388,0.7494715974819536,98234,0.7494659423828125
192,1048576,8,0.25,interleaved,1048576,1536,0.25,0.7500000397364298,0.7494713190403639,785877,0.7494707107543945
192,1048576,8,0.125,folded,131072,1536,0.125,0.8750003178914388,0.8746457879335058,114641,0.8746414184570312
192,1048576,8,0.125,interleaved,1048576,1536,0.125,0.8750000397364298,0.874645509270029,917132,0.8746452331542969
192,1048576,8,0.0625,folded,131072,1536,0.0625,0.9375003178914388,0.9372801692410118,122851,0.9372787475585938
192,1048576,8,0.0625,interleaved,1048576,1536,0.0625,0.9375000397364298,0.937279890377682,982809,0.9372797012329102
192,16777216,1,0.5,folded,16777216,192,0.5,0.500000019868215,0.4947920941379171,8301233,0.49479204416275024
192,16777216,1,0.5,interleaved,16777216,192,0.5,0.500000019868215,0.4947920941379171,8301233,0.49479204416275024
192,16777216,1,0.25,folded,16777216,192,0.25,0.750000019868215,0.7457398073245668,12511437,0.745739758014679
192,16777216,1,0.25,interleaved,16777216,192,0.25,0.750000019868215,0.7457398073245668,12511437,0.745739758014679
192,16777216,1,0.125,folded,16777216,192,0.125,0.875000019868215,0.8721272321242789,14631867,0.8721272349357605
192,16777216,1,0.125,interleaved,16777216,192,0.125,0.875000019868215,0.8721272321242789,14631867,0.8721272349357605
192,16777216,1,0.0625,folded,16777216,192,0.0625,0.937500019868215,0.9357070208518947,15698558,0.9357069730758667
192,16777216,1,0.0625,interleaved,16777216,192,0.0625,0.937500019868215,0.9357070208518947,15698558,0.9357069730758667
192,16777216,2,0.5,folded,8388608,384,0.5,0.500000019868215,0.4973959041568295,4172459,0.4973958730697632
192,16777216,2,0.5,interleaved,16777216,384,0.5,0.5000000099341074,0.4973958942231107,8344918,0.4973958730697632
192,16777216,2,0.25,folded,8388608,384,0.25,0.750000019868215,0.7478786053516532,6273660,0.7478785514831543
192,16777216,2,0.25,interleaved,16777216,384,0.25,0.7500000099341074,0.7478785953767971,12547320,0.7478785514831543
192,16777216,2,0.125,folded,8388608,384,0.125,0.875000019868215,0.8735740977561413,7328070,0.8735740184783936
192,16777216,2,0.125,interleaved,16777216,384,0.125,0.8750000099341074,0.8735740877493637,14656141,0.8735740780830383
192,16777216,2,0.0625,folded,8388608,384,0.0625,0.937500019868215,0.9366126574568268,7856876,0.936612606048584
192,16777216,2,0.0625,interleaved,16777216,384,0.0625,0.9375000099341074,0.9366126474211819,15713752,0.936612606048584
192,16777216,4,0.5,folded,4194304,768,0.5,0.500000019868215,0.49869794290436,2091690,0.49869775772094727
192,16777216,4,0.5,interleaved,16777216,768,0.5,0.5000000049670538,0.49869792800334456,8366762,0.4986978769302368
192,16777216,4,0.25,folded,4194304,768,0.25,0.750000019868215,0.7489414892460857,3141288,0.7489414215087891
192,16777216,4,0.25,interleaved,16777216,768,0.25,0.7500000049670538,0.748941474314267,12565152,0.7489414215087891
192,16777216,4,0.125,folded,4194304,768,0.125,0.875000019868215,0.874289661413379,3667036,0.8742895126342773
192,16777216,4,0.125,interleaved,16777216,768,0.125,0.8750000049670538,0.8742896464577309,14668146,0.8742896318435669
192,16777216,4,0.0625,folded,4194304,768,0.0625,0.937500019868215,0.937058597754248,3930308,0.9370584487915039
192,16777216,4,0.0625,interleaved,16777216,768,0.0625,0.9375000049670538,0.9370585827771079,15721234,0.9370585680007935
192,16777216,8,0.5,folded,2097152,1536,0.5,0.500000019868215,0.49934897899771397,1047210,0.49934864044189453
192,16777216,8,0.5,interleaved,16777216,1536,0.5,0.5000000024835268,0.49934896161306835,8377685,0.4993489384651184
192,16777216,8,0.25,folded,2097152,1536,0.25,0.750000019868215,0.749471299151679,1571755,0.7494711875915527
192,16777216,8,0.25,interleaved,16777216,1536,0.25,0.7500000024835268,0.7494712817490795,12574041,0.7494712471961975
192,16777216,8,0.125,folded,2097152,1536,0.125,0.875000019868215,0.8746454893654951,1834264,0.8746452331542969
192,16777216,8,0.125,interleaved,16777216,1536,0.125,0.8750000024835268,0.8746454719490278,14674116,0.874645471572876
192,16777216,8,0.0625,folded,2097152,1536,0.0625,0.937500019868215,0.937279870458873,1965618,0.9372797012329102
192,16777216,8,0.0625,interleaved,16777216,1536,0.0625,0.9375000024835268,0.9372798530299148,15724946,0.9372798204421997
256,1024,1,0.5,folded,1024,256,0.5,0.50048828125,0.4965821629150981,508,0.49609375
256,1024,1,0.5,interleaved,1024,256,0.5,0.50048828125,0.4965821629150981,508,0.49609375
256,1024,1,0.25,folded,1024,256,0.25,0.75048828125,0.7473026350697548,765,0.7470703125
256,1024,1,0.25,interleaved,1024,256,0.25,0.75048828125,0.7473026350697548,765,0.7470703125
256,1024,1,0.125,folded,1024,256,0.125,0.87548828125,0.8733469247760021,894,0.873046875
256,1024,1,0.125,interleaved,1024,256,0.125,0.87548828125,0.8733469247760021,894,0.873046875
256,1024,1,0.0625,folded,1024,256,0.0625,0.93798828125,0.9366579247292806,959,0.9365234375
256,1024,1,0.0625,interleaved,1024,256,0.0625,0.93798828125,0.9366579247292806,959,0.9365234375
256,1024,2,0.5,folded,512,512,0.5,0.50048828125,0.4985351683423478,255,0.498046875
256,1024,2,0.5,interleaved,1024,512,0.5,0.500244140625,0.49829103208399217,510,0.498046875
256,1024,2,0.25,folded,512,512,0.25,0.75048828125,0.7489003586577627,383,0.748046875
256,1024,2,0.25,interleaved,1024,512,0.25,0.750244140625,0.7486554644211584,766,0.748046875
256,1024,2,0.125,folded,512,512,0.125,0.87548828125,0.8744234750701771,447,0.873046875
256,1024,2,0.125,interleaved,1024,512,0.125,0.875244140625,0.8741779928495491,895,0.8740234375
256,1024,2,0.0625,folded,512,512,0.0625,0.93798828125,0.9373282013631845,479,0.935546875
256,1024,2,0.0625,interleaved,1024,512,0.0625,0.937744140625,0.9370821869692001,959,0.9365234375
256,1024,4,0.5,folded,256,1024,0.5,0.50048828125,0.4995117194218055,127,0.49609375
256,1024,4,0.5,interleaved,1024,1024,0.5,0.5001220703125,0.49914550986990075,511,0.4990234375
256,1024,4,0.25,folded,256,1024,0.25,0.75048828125,0.7496955465671613,191,0.74609375
256,1024,4,0.25,interleaved,1024,1024,0.25,0.7501220703125,0.7493287692698479,767,0.7490234375
256,1024,4,0.125,folded,256,1024,0.125,0.87548828125,0.8749573396543657,223,0.87109375
256,1024,4,0.125,interleaved,1024,1024,0.125,0.8751220703125,0.8745901230406727,895,0.8740234375
256,1024,4,0.0625,folded,256,1024,0.0625,0.93798828125,0.9376595052896128,240,0.9375
256,1024,4,0.0625,interleaved,1024,1024,0.0625,0.9376220703125,0.9372918920027642,959,0.9365234375
256,1024,8,0.5,folded,128,2048,0.5,0.50048828125,0.5,64,0.5
256,1024,8,0.5,interleaved,1024,2048,0.5,0.50006103515625,0.49957275416342595,511,0.4990234375
256,1024,8,0.25,folded,128,2048,0.25,0.75048828125,0.7500922207395881,96,0.75
256,1024,8,0.25,interleaved,1024,2048,0.25,0.75006103515625,0.7496646439361794,767,0.7490234375
256,1024,8,0.125,folded,128,2048,0.125,0.87548828125,0.8752231750082581,112,0.875
256,1024,8,0.125,interleaved,1024,2048,0.125,0.87506103515625,0.8747953424250283,895,0.8740234375
256,1024,8,0.0625,folded,128,2048,0.0625,0.93798828125,0.9378242079465199,120,0.9375
256,1024,8,0.0625,interleaved,1024,2048,0.0625,0.93756103515625,0.9373961446849347,959,0.9365234375
256,65536,1,0.5,folded,65536,256,0.5,0.5000076293945312,0.49610155069271267,32512,0.49609375
256,65536,1,0.5,interleaved,65536,256,0.5,0.5000076293945312,0.49610155069271267,32512,0.49609375
256,65536,1,0.25,folded,65536,256,0.25,0.7500076293945312,0.7468190316551883,48943,0.7468109130859375
256,65536,1,0.25,interleaved,65536,256,0.25,0.7500076293945312,0.7468190316551883,48943,0.7468109130859375
256,65536,1,0.125,folded,65536,256,0.125,0.8750076293945312,0.872860991226721,57203,0.8728485107421875
256,65536,1,0.125,interleaved,65536,256,0.125,0.8750076293945312,0.872860991226721,57203,0.8728485107421875
256,65536,1,0.0625,folded,65536,256,0.0625,0.9375076293945312,0.9361698751739443,61352,0.9361572265625
256,65536,1,0.0625,interleaved,65536,256,0.0625,0.9375076293945312,0.9361698751739443,61352,0.9361572265625
256,65536,2,0.5,folded,32768,512,0.5,0.5000076293945312,0.49805452572432496,16320,0.498046875
256,65536,2,0.5,interleaved,65536,512,0.5,0.5000038146972656,0.4980507111107869,32640,0.498046875
256,65536,2,0.25,folded,32768,512,0.25,0.7500076293945312,0.7484182239885044,24524,0.7484130859375
256,65536,2,0.25,interleaved,65536,512,0.25,0.7500038146972656,0.7484143975368381,49048,0.7484130859375
256,65536,2,0.125,folded,32768,512,0.125,0.8750076293945312,0.8739401834285969,28637,0.873931884765625
256,65536,2,0.125,interleaved,65536,512,0.125,0.8750038146972656,0.8739363478046995,57274,0.873931884765625
256,65536,2,0.0625,folded,32768,512,0.0625,0.9375076293945312,0.9368438633045938,30698,0.93682861328125
256,65536,2,0.0625,interleaved,65536,512,0.0625,0.9375038146972656,0.9368400193968809,61396,0.93682861328125
256,65536,4,0.5,folded,16384,1024,0.5,0.5000076293945312,0.4990310695399235,8176,0.4990234375
256,65536,4,0.5,interleaved,65536,1024,0.5,0.5000019073486328,0.49902534752536204,32704,0.4990234375
256,65536,4,0.25,folded,16384,1024,0.25,0.7500076293945312,0.7492141515717327,12275,0.74920654296875
256,65536,4,0.25,interleaved,65536,1024,0.25,0.7500019073486328,0.749208420689417,49100,0.74920654296875
256,65536,4,0.125,folded,16384,1024,0.125,0.8750076293945312,0.8744753682052969,14327,0.87445068359375
256,65536,4,0.125,interleaved,65536,1024,0.125,0.8750019073486328,0.8744696304679782,57309,0.8744659423828125
256,65536,4,0.0625,folded,16384,1024,0.0625,0.9375076293945312,0.9371770135183226,15354,0.9371337890625
256,65536,4,0.0625,interleaved,65536,1024,0.0625,0.9375019073486328,0.9371712696024264,61418,0.937164306640625
256,65536,8,0.5,folded,8192,2048,0.5,0.5000076293945312,0.4995193484700195,4092,0.49951171875
256,65536,8,0.5,interleaved,65536,2048,0.5,0.5000009536743164,0.4995126727589088,32736,0.49951171875
256,65536,8,0.25,folded,8192,2048,0.25,0.7500076293945312,0.7496111968840586,6140,0.74951171875
256,65536,8,0.25,interleaved,65536,2048,0.25,0.7500009536743164,0.749604516003298,49126,0.749603271484375
256,65536,8,0.125,folded,8192,2048,0.125,0.8750076293945312,0.8747418634350838,7165,0.8746337890625
256,65536,8,0.125,interleaved,65536,2048,0.125,0.8750009536743164,0.8747351785626355,57326,0.874725341796875
256,65536,8,0.0625,folded,8192,2048,0.0625,0.9375076293945312,0.9373426369324779,7678,0.937255859375
256,65536,8,0.0625,interleaved,65536,2048,0.0625,0.9375009536743164,0.9373359484658406,61429,0.9373321533203125
256,1048576,1,0.5,folded,1048576,256,0.5,0.5000004768371582,0.4960943987644352,520192,0.49609375
256,1048576,1,0.5,interleaved,1048576,256,0.5,0.5000004768371582,0.4960943987644352,520192,0.49609375
256,1048576,1,0.25,folded,1048576,256,0.25,0.7500004768371582,0.7468118352287857,783089,0.7468118667602539
256,1048576,1,0.25,interleaved,1048576,256,0.25,0.7500004768371582,0.7468118352287857,783089,0.7468118667602539
256,1048576,1,0.125,folded,1048576,256,0.125,0.8750004768371582,0.8728537601643543,915253,0.8728532791137695
256,1048576,1,0.125,interleaved,1048576,256,0.125,0.8750004768371582,0.8728537601643543,915253,0.8728532791137695
256,1048576,1,0.0625,folded,1048576,256,0.0625,0.9375004768371582,0.936162612704391,981637,0.936161994934082
256,1048576,1,0.0625,interleaved,1048576,256,0.0625,0.9375004768371582,0.936162612704391,981637,0.936161994934082
256,1048576,2,0.5,folded,524288,512,0.5,0.5000004768371582,0.4980473733240756,261120,0.498046875
256,1048576,2,0.5,interleaved,1048576,512,0.5,0.5000002384185791,0.49804713491074387,522240,0.498046875
256,1048576,2,0.25,folded,524288,512,0.25,0.7500004768371582,0.7484110493918104,392382,0.7484092712402344
256,1048576,2,0.25,interleaved,1048576,512,0.25,0.7500002384185791,0.7484108102386005,784765,0.7484102249145508
256,1048576,2,0.125,folded,524288,512,0.125,0.8750004768371582,0.8739329916340997,458192,0.873931884765625
256,1048576,2,0.125,interleaved,1048576,512,0.125,0.8750002384185791,0.8739327519076393,916384,0.873931884765625
256,1048576,2,0.0625,folded,524288,512,0.0625,0.9375004768371582,0.9368366559782138,491172,0.9368362426757812
256,1048576,2,0.0625,interleaved,1048576,512,0.0625,0.9375002384185791,0.936836415734044,982344,0.9368362426757812
256,1048576,4,0.5,folded,262144,1024,0.5,0.5000004768371582,0.4990239170217505,130816,0.4990234375
256,1048576,4,0.5,interleaved,1048576,1024,0.5,0.5000001192092896,0.4990235593958494,523264,0.4990234375
256,1048576,4,0.25,folded,262144,1024,0.25,0.7500004768371582,0.7492069879688765,196400,0.74920654296875
256,1048576,4,0.25,interleaved,1048576,1024,0.25,0.7500001192092896,0.7492066297887439,785600,0.74920654296875
256,1048576,4,0.125,folded,262144,1024,0.125,0.8750004768371582,0.8744681960337147,229236,0.8744659423828125
256,1048576,4,0.125,interleaved,1048576,1024,0.125,0.8750001192092896,0.874467837425153,916945,0.8744668960571289
256,1048576,4,0.0625,folded,262144,1024,0.0625,0.9375004768371582,0.9371698336235762,245673,0.9371681213378906
256,1048576,4,0.0625,interleaved,1048576,1024,0.0625,0.9375001192092896,0.9371694746288713,982693,0.937169075012207
256,1048576,8,0.5,folded,131072,2048,0.5,0.5000004768371582,0.4995121959224057,65472,0.49951171875
256,1048576,8,0.5,interleaved,1048576,2048,0.5,0.5000000596046448,0.499511778690466,523776,0.49951171875
256,1048576,8,0.25,folded,131072,2048,0.25,0.7500004768371582,0.7496040387975358,98252,0.749603271484375
256,1048576,8,0.25,interleaved,1048576,2048,0.25,0.7500000596046448,0.7496036212424946,786016,0.749603271484375
256,1048576,8,0.125,folded,131072,2048,0.125,0.8750004768371582,0.8747347010717573,114653,0.8747329711914062
256,1048576,8,0.125,interleaved,1048576,2048,0.125,0.8750000596046448,0.8747342832672401,917225,0.8747339248657227
256,1048576,8,0.0625,folded,131072,2048,0.0625,0.9375004768371582,0.9373354707182442,122858,0.9373321533203125
256,1048576,8,0.0625,interleaved,1048576,2048,0.0625,0.9375000596046448,0.9373350526890996,982867,0.9373350143432617
256,16777216,1,0.5,folded,16777216,256,0.5,0.5000000298023224,0.49609395176895615,8323075,0.4960939288139343
256,16777216,1,0.5,interleaved,16777216,256,0.5,0.5000000298023224,0.49609395176895615,8323075,0.4960939288139343
256,16777216,1,0.25,folded,16777216,256,0.25,0.7500000298023224,0.7468113854521871,12529415,0.7468113303184509
256,16777216,1,0.25,interleaved,16777216,256,0.25,0.7500000298023224,0.7468113854521871,12529415,0.7468113303184509
256,16777216,1,0.125,folded,16777216,256,0.125,0.8750000298023224,0.8728533082230455,14644048,0.8728532791137695
256,16777216,1,0.125,interleaved,16777216,256,0.125,0.8750000298023224,0.8728533082230455,14644048,0.8728532791137695
256,16777216,1,0.0625,folded,16777216,256,0.0625,0.9375000298023224,0.9361621588002117,15706194,0.9361621141433716
256,16777216,1,0.0625,interleaved,16777216,256,0.0625,0.9375000298023224,0.9361621588002117,15706194,0.9361621141433716
256,16777216,2,0.5,folded,8388608,512,0.5,0.5000000298023224,0.49804692629907915,4177920,0.498046875
256,16777216,2,0.5,interleaved,16777216,512,0.5,0.5000000149011612,0.498046911398246,8355840,0.498046875
256,16777216,2,0.25,folded,8388608,512,0.25,0.7500000298023224,0.7484106009795426,6278123,0.7484105825424194
256,16777216,2,0.25,interleaved,16777216,512,0.25,0.7500000149011612,0.7484105860324671,12556246,0.7484105825424194
256,16777216,2,0.125,folded,8388608,512,0.125,0.8750000298023224,0.8739325421469878,7331077,0.8739324808120728
256,16777216,2,0.125,interleaved,16777216,512,0.125,0.8750000149011612,0.8739325271640841,14662154,0.8739324808120728
256,16777216,2,0.0625,folded,8388608,512,0.0625,0.9375000298023224,0.9368362055203977,7858751,0.9368361234664917
256,16777216,2,0.0625,interleaved,16777216,512,0.0625,0.9375000149011612,0.9368361905051373,15717503,0.9368361830711365
256,16777216,4,0.5,folded,4194304,1024,0.5,0.5000000298023224,0.49902346998937425,2093056,0.4990234375
256,16777216,4,0.5,interleaved,16777216,1024,0.5,0.5000000074505806,0.49902344763775547,8372224,0.4990234375
256,16777216,4,0.25,folded,4194304,1024,0.25,0.7500000298023224,0.7492065402437109,3142399,0.7492063045501709
256,16777216,4,0.25,interleaved,16777216,1024,0.25,0.7500000074505806,0.7492065178574526,12569599,0.7492064833641052
256,16777216,4,0.125,folded,4194304,1024,0.125,0.8750000298023224,0.8744677477730127,3667783,0.8744676113128662
256,16777216,4,0.125,interleaved,16777216,1024,0.125,0.8750000074505806,0.8744677253599777,14671133,0.874467670917511
256,16777216,4,0.0625,folded,4194304,1024,0.0625,0.9375000298023224,0.9371693848801956,3930773,0.9371693134307861
256,16777216,4,0.0625,interleaved,16777216,1024,0.0625,0.9375000074505806,0.9371693624430267,15723092,0.9371693134307861
256,16777216,8,0.5,folded,2097152,2048,0.5,0.5000000298023224,0.4995117488881846,1047552,0.49951171875
256,16777216,8,0.5,interleaved,16777216,2048,0.5,0.5000000037252903,0.4995117228111884,8380416,0.49951171875
256,16777216,8,0.25,folded,2097152,2048,0.25,0.7500000298023224,0.7496035914171345,1572032,0.749603271484375
256,16777216,8,0.25,interleaved,16777216,2048,0.25,0.7500000037252903,0.7496035653199444,12576260,0.7496035099029541
256,16777216,8,0.125,folded,2097152,2048,0.125,0.8750000298023224,0.8747342534240604,1834450,0.8747339248657227
256,16777216,8,0.125,interleaved,16777216,2048,0.125,0.8750000037252903,0.8747342273112781,14675605,0.8747342228889465
256,16777216,8,0.0625,folded,2097152,2048,0.0625,0.9375000298023224,0.937335022829875,1965734,0.9373350143432617
256,16777216,8,0.0625,interleaved,16777216,2048,0.0625,0.9375000037252903,0.9373349967030536,15725871,0.9373349547386169
